<?xml version="1.0" encoding="UTF-8"?>
<project-private xmlns="http://www.netbeans.org/ns/project-private/1">
    <editor-bookmarks xmlns="http://www.netbeans.org/ns/editor-bookmarks/2" lastBookmarkId="0"/>
    <open-files xmlns="http://www.netbeans.org/ns/projectui-open-files/2">
        <group>
            <file>file:/Users/madinakhurova/Desktop/shapes/src/shapes/Hexagon.java</file>
            <file>file:/Users/madinakhurova/Desktop/shapes/src/shapes/Shapes.java</file>
            <file>file:/Users/madinakhurova/Desktop/shapes/src/shapes/Main.java</file>
            <file>file:/Users/madinakhurova/Desktop/shapes/src/shapes/Database.java</file>
            <file>file:/Users/madinakhurova/Desktop/shapes/src/shapes/Square.java</file>
            <file>file:/Users/madinakhurova/Desktop/shapes/src/shapes/InvalidInputException.java</file>
            <file>file:/Users/madinakhurova/Desktop/shapes/src/shapes/CTest.java</file>
            <file>file:/Users/madinakhurova/Desktop/shapes/src/shapes/Triangle.java</file>
            <file>file:/Users/madinakhurova/Desktop/shapes/src/shapes/Circle.java</file>
        </group>
    </open-files>
</project-private>
